{
  "col_means": [
    0.10449705279846315,
    0.22295579473541158,
    0.20412618179551317,
    0.2103119494453803,
    0.2173851851297852,
    0.23257681484773354,
    0.19281958156485285,
    0.23248543881462888,
    0.06529713593495984,
    0.23525698313804275,
    0.22963332094538108,
    0.03084925628513295,
    -0.2653000311612236,
    -0.035671131827622694,
    -0.014124614427255636,
    -0.035671131827622694,
    -0.01199753419642121,
    -0.001001275393967938,
    0.023550133755688794,
    -0.01021527147913355,
    0.06612409194019345,
    0.03952288835455147,
    -0.019732680585577533,
    -0.010486634718252836,
    0.024881412217787658,
    0.09690527047616264
  ],
  "feature_names": [
    "eda_mean",
    "eda_std",
    "eda_slope",
    "eda_range",
    "eda_scr_count",
    "eda_deriv_mean",
    "eda_delta",
    "hr_mean",
    "hr_std",
    "hr_min",
    "hr_max",
    "hr_delta",
    "ibi_mean",
    "ibi_std",
    "ibi_rmssd",
    "ibi_sdnn",
    "ibi_pnn50",
    "ibi_lf_power",
    "ibi_hf_power",
    "ibi_lf_hf_ratio",
    "acc_mag_mean",
    "acc_mag_std",
    "acc_var_x",
    "acc_var_y",
    "acc_var_z",
    "acc_mean_jerk"
  ],
  "threshold": 0.25
}